{
  "upload.sh": {
    "hash": "e0c3c2463b4fbf94455b1a56fabd0f1c7162aaf1384f96c895c290b3e52d8acc",
    "mtime": 1769855137.837171,
    "size": 750
  },
  "run.sh": {
    "hash": "b93d3d3fdb2595e2fc381a5601967290c5ade84c8a5425faf3245ae55232500d",
    "mtime": 1769855138.0916207,
    "size": 651
  },
  "src/__init__.py": {
    "hash": "835086e81d5d058e97b6bc9aa14b45d1dc79c489c795cc3c1e9d54aedfb66178",
    "mtime": 1769855138.5316775,
    "size": 612
  },
  "src/steps/__init__.py": {
    "hash": "835086e81d5d058e97b6bc9aa14b45d1dc79c489c795cc3c1e9d54aedfb66178",
    "mtime": 1769855138.397964,
    "size": 612
  },
  "src/missions/__init__.py": {
    "hash": "835086e81d5d058e97b6bc9aa14b45d1dc79c489c795cc3c1e9d54aedfb66178",
    "mtime": 1769855138.498748,
    "size": 612
  },
  "src/missions/shutdown_mission.py": {
    "hash": "fd74fb24b1805a7a3404175fa2285b526beda7b07af5c7688179c8d56d82a60a",
    "mtime": 1769855138.621485,
    "size": 759
  },
  "src/hardware/__init__.py": {
    "hash": "835086e81d5d058e97b6bc9aa14b45d1dc79c489c795cc3c1e9d54aedfb66178",
    "mtime": 1769855137.9868457,
    "size": 612
  },
  "src/hardware/.raccoon_codegen_cache.json": {
    "hash": "bb4dd11c4bc1459a31ab981848783ad1cef2abbe0eaf9c8bcdccb117f1f7ef16",
    "mtime": 1769855138.5546281,
    "size": 682
  },
  "logs/step_timing.db": {
    "hash": "fd69c060e4daf90352192d773428c3ac01c64c6d470cd194aeb8f3304e5cf5b4",
    "mtime": 1769855138.218349,
    "size": 106496
  },
  "src/hardware/defs.py": {
    "hash": "c3ebf1903b1bd73c8a81344475a79c1ce6d58e14887fbb4151dcef17d568bb5f",
    "mtime": 1769855138.440872,
    "size": 2701
  },
  "src/hardware/robot.py": {
    "hash": "3c5926607cdb83f07b65cfde82920d3f6ca10c9a40c81b2ad22bc36baac366c0",
    "mtime": 1769855138.3510647,
    "size": 1517
  },
  ".mission_snapshots/setup.json": {
    "hash": "86cf3dbee336bd008a3caac4e4ec5522c14e03cd28ca22965229c29415c5d118",
    "mtime": 1769855138.750209,
    "size": 876
  },
  "mission_layouts.json": {
    "hash": "e12377682bfa6d5f44bfe2b87375092b199ace8a1456154b3045f98559e0e858",
    "mtime": 1769855138.6683843,
    "size": 591
  },
  "src/missions/setup_mission.py": {
    "hash": "6cdc6eabcc39efb14dd14bec411b1b9bbb8c581ef607325d33608fc06949d7da",
    "mtime": 1769855138.3291116,
    "size": 376
  },
  "src/missions/GetFirstPoms.py": {
    "hash": "53475f067c0fb74b45cf75eaab2d5fcb8ffeabc9bf32b1d83f6929d7a2e96738",
    "mtime": 1769855138.0227683,
    "size": 507
  },
  "src/steps/servo_steps.py": {
    "hash": "be65082479193488c1cb6b9641ce4c4d0a53ba2da92e2b84a1c841bccf186bcc",
    "mtime": 1769855137.8920517,
    "size": 53
  },
  "src/steps/drive_over_step.py": {
    "hash": "2ab11b1271c6c985fd9af0392591ea942e01e518fa2817c6bbc7642fb66f542a",
    "mtime": 1769855138.262255,
    "size": 1900
  },
  "src/missions/get_first_poms_mission.py": {
    "hash": "f3d7609537b4e1c6302e808e86a94d810d8af26e85a2ea196b22e245ef38d382",
    "mtime": 1769855137.9209888,
    "size": 629
  },
  "src/steps/light_sensor_steps.py": {
    "hash": "e44a9fbc84e82354d00580a61ca3cb30a71e39166d0d4f1180f762d36c5ebedf",
    "mtime": 1769855138.729254,
    "size": 1216
  },
  "racoon.calibration.yml": {
    "hash": "ee1c8bd5fb6678e4f13cbb9154b6d9eba5ba05ef0451d06610b42903943b201c",
    "mtime": 1769855138.836025,
    "size": 79
  },
  "src/missions/grab_first_poms_mission.py": {
    "hash": "6d2d79df387e82f587de1e155c1979526dd153da2c05f1d6f5eaffa6768d7eb9",
    "mtime": 1769855138.7871299,
    "size": 1322
  },
  "src/missions/test_mission.py": {
    "hash": "a0a938641a349f94abc94fa24c3ac55200b089dc56c607ad8d6d9cff8859f77b",
    "mtime": 1769855137.8122253,
    "size": 285
  },
  "raccoon.project.yml": {
    "hash": "5cf2542193dd2887031aad7214b3e22f763ad8d4b30a5637c7a88b307f8a6673",
    "mtime": 1769855138.3071587,
    "size": 2516
  },
  ".mission_snapshots/test.json": {
    "hash": "2ec3d1a49ca5861da9eeae8ec856ae62b8dfc71538c9c80ef3ca9989740608d5",
    "mtime": 1769855137.949926,
    "size": 295
  },
  "src/main.py": {
    "hash": "78c09f58cb2bc910b2b6bc18fe5ef8f5958ef1d17754ab8a47cde9d43e52884f",
    "mtime": 1769855138.0507083,
    "size": 978
  }
}